grid_type,1_person,2_persons,3_persons,4+_persons
rural,0.928571429,1.614583333,2.103448276,2.683333333
semiurb,0.712418301,1.378865979,1.847457627,1.914728682
urban,0.473913043,1.13368984,1.346938776,1.490196078