grid_type,1_person,2_persons,3_persons,4+_persons
rural,0.871794872,0.948387097,0.93442623,0.745341615
semiurb,0.798165138,0.835514019,0.844036697,0.79757085
urban,0.614678899,0.698113208,0.575757576,0.578947368
